college_name,department_name,source_url,parser_type,page_type,professor_name,position,email,research_introduction,homepage_url,laboratory_name,name_source,review_status,reviewed_at,review_note
예체능대학,회화과,https://dept.sejong.ac.kr/picdpt/intro/professor.do,SEJONG_STANDARD,DEPARTMENT_HTML,정재호,부교수,runner23@sejong.ac.kr,한국화,,정재호 교수님 연구실,GENERATED,APPROVED,2026-10-06,2026-10-06 요청 URL의 공식 교수 목록과 5개 수집 필드 전수 대조; 공식 연구실명 미공개
예체능대학,패션디자인학과,https://www.sejong.ac.kr/kor/college/fashion-design.do,SEJONG_STANDARD,MAIN_SITE_API,정재윤,교수,jychung@sejong.ac.kr,"퓨처텍스타일디자인, 소재정보디자인, 예술/디자인사",,정재윤 교수님 연구실,GENERATED,APPROVED,2026-10-06,2026-10-06 요청 URL의 공식 교수 목록과 5개 수집 필드 전수 대조; 공식 연구실명 미공개
예체능대학,패션디자인학과,https://www.sejong.ac.kr/kor/college/fashion-design.do,SEJONG_STANDARD,MAIN_SITE_API,김숙진,교수,ksjina@sejong.ac.kr,"패션디자인, 입체재단, 디지털 패션, 메타버스 디자인, 인공지능과 패션 디자인, 조형예술학",https://prof.sejong.ac.kr/ksjina/,김숙진 교수님 연구실,GENERATED,APPROVED,2026-10-06,2026-10-06 요청 URL의 공식 교수 목록과 5개 수집 필드 전수 대조; 공식 연구실명 미공개
예체능대학,패션디자인학과,https://www.sejong.ac.kr/kor/college/fashion-design.do,SEJONG_STANDARD,MAIN_SITE_API,한혜리,조교수,hrhan@sejong.ac.kr,"의류학, 인공지능 패션 디자인, 첨단 패션 등",https://prof.sejong.ac.kr/hrhan/index.do,한혜리 교수님 연구실,GENERATED,APPROVED,2026-10-06,2026-10-06 요청 URL의 공식 교수 목록과 5개 수집 필드 전수 대조; 공식 연구실명 미공개
예체능대학,음악과,https://dept.sejong.ac.kr/musicdpt/intro/professor.do,SEJONG_STANDARD,DEPARTMENT_HTML,이기정,교수,kclee@sejong.ac.kr,piano performance piano literature collaborative piano,,이기정 교수님 연구실,GENERATED,APPROVED,2026-10-06,2026-10-06 요청 URL의 공식 교수 목록과 5개 수집 필드 전수 대조; 공식 연구실명 미공개
예체능대학,음악과,https://dept.sejong.ac.kr/musicdpt/intro/professor.do,SEJONG_STANDARD,DEPARTMENT_HTML,윤경희,교수,yoonkh@sejong.ac.kr,"바이올린, 실내악, 오케스트라 지휘, 합창 지휘, 관현악 문헌,",,윤경희 교수님 연구실,GENERATED,APPROVED,2026-10-06,2026-10-06 요청 URL의 공식 교수 목록과 5개 수집 필드 전수 대조; 공식 연구실명 미공개; 연구소개 후행 쉼표는 원문 보존
예체능대학,음악과,https://dept.sejong.ac.kr/musicdpt/intro/professor.do,SEJONG_STANDARD,DEPARTMENT_HTML,오은경,교수,ekoh@sejong.ac.kr,"오페라, 오라토리오, 예술가곡, 성악문헌, 성악 레퍼토리, 영어딕션",,오은경 교수님 연구실,GENERATED,APPROVED,2026-10-06,2026-10-06 요청 URL의 공식 교수 목록과 5개 수집 필드 전수 대조; 공식 연구실명 미공개
예체능대학,음악과,https://dept.sejong.ac.kr/musicdpt/intro/professor.do,SEJONG_STANDARD,DEPARTMENT_HTML,김나영,교수,naykim@sejong.ac.kr,"피아노 전공실기, 피아노 문헌, 피아노 교수법, 실내악",https://home.sejong.ac.kr/~naykim/1.html,김나영 교수님 연구실,GENERATED,APPROVED,2026-10-06,2026-10-06 요청 URL의 공식 교수 목록과 5개 수집 필드 전수 대조; 공식 연구실명 미공개
예체능대학,음악과,https://dept.sejong.ac.kr/musicdpt/intro/professor.do,SEJONG_STANDARD,DEPARTMENT_HTML,위정민,조교수,weejeongmin@sejong.ac.kr,오페라 성악문헌 영미 가곡 성악 페다고지 영어딕션 오페라 연기,,위정민 교수님 연구실,GENERATED,APPROVED,2026-10-06,2026-10-06 요청 URL의 공식 교수 목록과 5개 수집 필드 전수 대조; 공식 연구실명 미공개
예체능대학,체육학과,https://www.sejong.ac.kr/kor/college/physical-education.do,SEJONG_STANDARD,MAIN_SITE_API,김병민,초빙교수,kimbm@sejong.ac.kr,체육학,,김병민 교수님 연구실,GENERATED,APPROVED,2026-10-06,2026-10-06 요청 URL의 공식 교수 목록과 5개 수집 필드 전수 대조; 공식 연구실명 미공개
예체능대학,체육학과,https://www.sejong.ac.kr/kor/college/physical-education.do,SEJONG_STANDARD,MAIN_SITE_API,강유원,교수,ywkang@sejong.ac.kr,"체육철학, 스포츠철학, 체육원리 현상학, 신체문화, 미학, 가치론, 질적연구",https://prof.sejong.ac.kr/ywkang/index.do,강유원 교수님 연구실,GENERATED,APPROVED,2026-10-06,2026-10-06 요청 URL의 공식 교수 목록과 5개 수집 필드 전수 대조; 공식 연구실명 미공개
예체능대학,무용과,https://www.sejong.ac.kr/kor/college/dance.do,SEJONG_STANDARD,MAIN_SITE_API,김형남,교수,hyoungnam@sejong.ac.kr,무용교육 예술교육 융합예술콘텐츠,,김형남 교수님 연구실,GENERATED,APPROVED,2026-10-06,2026-10-06 요청 URL의 공식 교수 목록과 5개 수집 필드 전수 대조; 공식 연구실명 미공개; 학과 소개 페이지의 #none 임시 링크를 홈페이지에서 제외
예체능대학,영화예술학과,https://www.sejong.ac.kr/kor/college/film-art.do,SEJONG_STANDARD,MAIN_SITE_API,라경민,조교수,actingart@sejong.ac.kr,"연기예술, 연기교육, 배우훈련, 뉴미디어 공연/영상콘텐츠",https://prof.sejong.ac.kr/actingart/index.do,라경민 교수님 연구실,GENERATED,APPROVED,2026-10-06,2026-10-06 요청 URL의 공식 교수 목록과 5개 수집 필드 전수 대조; 공식 연구실명 미공개
예체능대학,영화예술학과,https://www.sejong.ac.kr/kor/college/film-art.do,SEJONG_STANDARD,MAIN_SITE_API,박철,교수,cpyun@sejong.ac.kr,"영화연출, 제작, 시나리오",,박철 교수님 연구실,GENERATED,APPROVED,2026-10-06,2026-10-06 요청 URL의 공식 교수 목록과 5개 수집 필드 전수 대조; 공식 연구실명 미공개
예체능대학,영화예술학과,https://www.sejong.ac.kr/kor/college/film-art.do,SEJONG_STANDARD,MAIN_SITE_API,최두영,교수,filmdoo@sejong.ac.kr,"1). 영화, 드라마 기획, 시나리오, 제작 2). 영화 미학 연구",,최두영 교수님 연구실,GENERATED,APPROVED,2026-10-06,2026-10-06 요청 URL의 공식 교수 목록과 5개 수집 필드 전수 대조; 공식 연구실명 미공개; 이메일 후행 공백·쉼표 제거
예체능대학,영화예술학과,https://www.sejong.ac.kr/kor/college/film-art.do,SEJONG_STANDARD,MAIN_SITE_API,김기훈,초빙교수,actscene@naver.com,,,김기훈 교수님 연구실,GENERATED,APPROVED,2026-10-06,2026-10-06 요청 URL의 공식 교수 목록과 5개 수집 필드 전수 대조; 공식 연구실명 미공개
예체능대학,영화예술학과,https://www.sejong.ac.kr/kor/college/film-art.do,SEJONG_STANDARD,MAIN_SITE_API,이은경,초빙교수,zungbu@daum.net,,,이은경 교수님 연구실,GENERATED,APPROVED,2026-10-06,2026-10-06 요청 URL의 공식 교수 목록과 5개 수집 필드 전수 대조; 공식 연구실명 미공개
예체능대학,영화예술학과,https://www.sejong.ac.kr/kor/college/film-art.do,SEJONG_STANDARD,MAIN_SITE_API,안연석,특임교수,ysahn@sejong.ac.kr,,,안연석 교수님 연구실,GENERATED,APPROVED,2026-10-06,2026-10-06 요청 URL의 공식 교수 목록과 5개 수집 필드 전수 대조; 공식 연구실명 미공개
