college_name,department_name,professor_name,email,source_url,source_research_introduction,raw_field_text,research_field_name,category_codes,review_status,reviewed_at,review_note
예체능대학,회화과,정재호,runner23@sejong.ac.kr,https://dept.sejong.ac.kr/picdpt/intro/professor.do,한국화,한국화,한국화,DESIGN_ARTS,APPROVED,2026-10-06,원문 전문용어와 철자 확인; 근거 없는 오타 교정 없이 보존
예체능대학,패션디자인학과,정재윤,jychung@sejong.ac.kr,https://www.sejong.ac.kr/kor/college/fashion-design.do,"퓨처텍스타일디자인, 소재정보디자인, 예술/디자인사",퓨처텍스타일디자인,퓨처텍스타일디자인,DESIGN_ARTS,APPROVED,2026-10-06,원문 전문용어와 철자 확인; 근거 없는 오타 교정 없이 보존
예체능대학,패션디자인학과,정재윤,jychung@sejong.ac.kr,https://www.sejong.ac.kr/kor/college/fashion-design.do,"퓨처텍스타일디자인, 소재정보디자인, 예술/디자인사",소재정보디자인,소재정보디자인,DESIGN_ARTS,APPROVED,2026-10-06,원문 전문용어와 철자 확인; 근거 없는 오타 교정 없이 보존
예체능대학,패션디자인학과,정재윤,jychung@sejong.ac.kr,https://www.sejong.ac.kr/kor/college/fashion-design.do,"퓨처텍스타일디자인, 소재정보디자인, 예술/디자인사",예술/디자인사,예술/디자인사,DESIGN_ARTS|HISTORY_CULTURE,APPROVED,2026-10-06,원문 전문용어와 철자 확인; 근거 없는 오타 교정 없이 보존
예체능대학,패션디자인학과,김숙진,ksjina@sejong.ac.kr,https://www.sejong.ac.kr/kor/college/fashion-design.do,"패션디자인, 입체재단, 디지털 패션, 메타버스 디자인, 인공지능과 패션 디자인, 조형예술학",패션디자인,패션디자인,DESIGN_ARTS,APPROVED,2026-10-06,원문 전문용어와 철자 확인; 근거 없는 오타 교정 없이 보존
예체능대학,패션디자인학과,김숙진,ksjina@sejong.ac.kr,https://www.sejong.ac.kr/kor/college/fashion-design.do,"패션디자인, 입체재단, 디지털 패션, 메타버스 디자인, 인공지능과 패션 디자인, 조형예술학",입체재단,입체재단,DESIGN_ARTS,APPROVED,2026-10-06,원문 전문용어와 철자 확인; 근거 없는 오타 교정 없이 보존
예체능대학,패션디자인학과,김숙진,ksjina@sejong.ac.kr,https://www.sejong.ac.kr/kor/college/fashion-design.do,"패션디자인, 입체재단, 디지털 패션, 메타버스 디자인, 인공지능과 패션 디자인, 조형예술학",디지털 패션,디지털 패션,DESIGN_ARTS,APPROVED,2026-10-06,원문 전문용어와 철자 확인; 근거 없는 오타 교정 없이 보존
예체능대학,패션디자인학과,김숙진,ksjina@sejong.ac.kr,https://www.sejong.ac.kr/kor/college/fashion-design.do,"패션디자인, 입체재단, 디지털 패션, 메타버스 디자인, 인공지능과 패션 디자인, 조형예술학",메타버스 디자인,메타버스 디자인,DESIGN_ARTS|HCI_XR,APPROVED,2026-10-06,원문 전문용어와 철자 확인; 근거 없는 오타 교정 없이 보존
예체능대학,패션디자인학과,김숙진,ksjina@sejong.ac.kr,https://www.sejong.ac.kr/kor/college/fashion-design.do,"패션디자인, 입체재단, 디지털 패션, 메타버스 디자인, 인공지능과 패션 디자인, 조형예술학",인공지능과 패션 디자인,인공지능과 패션 디자인,AI_ML|DESIGN_ARTS,APPROVED,2026-10-06,원문 전문용어와 철자 확인; 근거 없는 오타 교정 없이 보존
예체능대학,패션디자인학과,김숙진,ksjina@sejong.ac.kr,https://www.sejong.ac.kr/kor/college/fashion-design.do,"패션디자인, 입체재단, 디지털 패션, 메타버스 디자인, 인공지능과 패션 디자인, 조형예술학",조형예술학,조형예술학,DESIGN_ARTS,APPROVED,2026-10-06,원문 전문용어와 철자 확인; 근거 없는 오타 교정 없이 보존
예체능대학,패션디자인학과,한혜리,hrhan@sejong.ac.kr,https://www.sejong.ac.kr/kor/college/fashion-design.do,"의류학, 인공지능 패션 디자인, 첨단 패션 등",의류학,의류학,DESIGN_ARTS,APPROVED,2026-10-06,원문 전문용어와 철자 확인; 근거 없는 오타 교정 없이 보존
예체능대학,패션디자인학과,한혜리,hrhan@sejong.ac.kr,https://www.sejong.ac.kr/kor/college/fashion-design.do,"의류학, 인공지능 패션 디자인, 첨단 패션 등",인공지능 패션 디자인,인공지능 패션 디자인,AI_ML|DESIGN_ARTS,APPROVED,2026-10-06,원문 전문용어와 철자 확인; 근거 없는 오타 교정 없이 보존
예체능대학,패션디자인학과,한혜리,hrhan@sejong.ac.kr,https://www.sejong.ac.kr/kor/college/fashion-design.do,"의류학, 인공지능 패션 디자인, 첨단 패션 등",첨단 패션 등,첨단 패션,DESIGN_ARTS,APPROVED,2026-10-06,연구분야명이 아닌 열거 종결어 등 제거; 소개 원문 유지
예체능대학,음악과,이기정,kclee@sejong.ac.kr,https://dept.sejong.ac.kr/musicdpt/intro/professor.do,piano performance piano literature collaborative piano,piano performance piano literature collaborative piano,piano performance,MUSIC_PERFORMING_ARTS,APPROVED,2026-10-06,공백 나열을 세 개 영어 전문 분야로 수동 분리; 임의 번역 없음
예체능대학,음악과,이기정,kclee@sejong.ac.kr,https://dept.sejong.ac.kr/musicdpt/intro/professor.do,piano performance piano literature collaborative piano,piano performance piano literature collaborative piano,piano literature,MUSIC_PERFORMING_ARTS,APPROVED,2026-10-06,공백 나열을 세 개 영어 전문 분야로 수동 분리; 임의 번역 없음
예체능대학,음악과,이기정,kclee@sejong.ac.kr,https://dept.sejong.ac.kr/musicdpt/intro/professor.do,piano performance piano literature collaborative piano,piano performance piano literature collaborative piano,collaborative piano,MUSIC_PERFORMING_ARTS,APPROVED,2026-10-06,공백 나열을 세 개 영어 전문 분야로 수동 분리; 임의 번역 없음
예체능대학,음악과,윤경희,yoonkh@sejong.ac.kr,https://dept.sejong.ac.kr/musicdpt/intro/professor.do,"바이올린, 실내악, 오케스트라 지휘, 합창 지휘, 관현악 문헌,",바이올린,바이올린,MUSIC_PERFORMING_ARTS,APPROVED,2026-10-06,원문 전문용어와 철자 확인; 근거 없는 오타 교정 없이 보존
예체능대학,음악과,윤경희,yoonkh@sejong.ac.kr,https://dept.sejong.ac.kr/musicdpt/intro/professor.do,"바이올린, 실내악, 오케스트라 지휘, 합창 지휘, 관현악 문헌,",실내악,실내악,MUSIC_PERFORMING_ARTS,APPROVED,2026-10-06,원문 전문용어와 철자 확인; 근거 없는 오타 교정 없이 보존
예체능대학,음악과,윤경희,yoonkh@sejong.ac.kr,https://dept.sejong.ac.kr/musicdpt/intro/professor.do,"바이올린, 실내악, 오케스트라 지휘, 합창 지휘, 관현악 문헌,",오케스트라 지휘,오케스트라 지휘,MUSIC_PERFORMING_ARTS,APPROVED,2026-10-06,원문 전문용어와 철자 확인; 근거 없는 오타 교정 없이 보존
예체능대학,음악과,윤경희,yoonkh@sejong.ac.kr,https://dept.sejong.ac.kr/musicdpt/intro/professor.do,"바이올린, 실내악, 오케스트라 지휘, 합창 지휘, 관현악 문헌,",합창 지휘,합창 지휘,MUSIC_PERFORMING_ARTS,APPROVED,2026-10-06,원문 전문용어와 철자 확인; 근거 없는 오타 교정 없이 보존
예체능대학,음악과,윤경희,yoonkh@sejong.ac.kr,https://dept.sejong.ac.kr/musicdpt/intro/professor.do,"바이올린, 실내악, 오케스트라 지휘, 합창 지휘, 관현악 문헌,",관현악 문헌,관현악 문헌,MUSIC_PERFORMING_ARTS,APPROVED,2026-10-06,원문 전문용어와 철자 확인; 근거 없는 오타 교정 없이 보존
예체능대학,음악과,오은경,ekoh@sejong.ac.kr,https://dept.sejong.ac.kr/musicdpt/intro/professor.do,"오페라, 오라토리오, 예술가곡, 성악문헌, 성악 레퍼토리, 영어딕션",오페라,오페라,MUSIC_PERFORMING_ARTS,APPROVED,2026-10-06,원문 전문용어와 철자 확인; 근거 없는 오타 교정 없이 보존
예체능대학,음악과,오은경,ekoh@sejong.ac.kr,https://dept.sejong.ac.kr/musicdpt/intro/professor.do,"오페라, 오라토리오, 예술가곡, 성악문헌, 성악 레퍼토리, 영어딕션",오라토리오,오라토리오,MUSIC_PERFORMING_ARTS,APPROVED,2026-10-06,원문 전문용어와 철자 확인; 근거 없는 오타 교정 없이 보존
예체능대학,음악과,오은경,ekoh@sejong.ac.kr,https://dept.sejong.ac.kr/musicdpt/intro/professor.do,"오페라, 오라토리오, 예술가곡, 성악문헌, 성악 레퍼토리, 영어딕션",예술가곡,예술가곡,MUSIC_PERFORMING_ARTS,APPROVED,2026-10-06,원문 전문용어와 철자 확인; 근거 없는 오타 교정 없이 보존
예체능대학,음악과,오은경,ekoh@sejong.ac.kr,https://dept.sejong.ac.kr/musicdpt/intro/professor.do,"오페라, 오라토리오, 예술가곡, 성악문헌, 성악 레퍼토리, 영어딕션",성악문헌,성악문헌,MUSIC_PERFORMING_ARTS,APPROVED,2026-10-06,원문 전문용어와 철자 확인; 근거 없는 오타 교정 없이 보존
예체능대학,음악과,오은경,ekoh@sejong.ac.kr,https://dept.sejong.ac.kr/musicdpt/intro/professor.do,"오페라, 오라토리오, 예술가곡, 성악문헌, 성악 레퍼토리, 영어딕션",성악 레퍼토리,성악 레퍼토리,MUSIC_PERFORMING_ARTS,APPROVED,2026-10-06,원문 전문용어와 철자 확인; 근거 없는 오타 교정 없이 보존
예체능대학,음악과,오은경,ekoh@sejong.ac.kr,https://dept.sejong.ac.kr/musicdpt/intro/professor.do,"오페라, 오라토리오, 예술가곡, 성악문헌, 성악 레퍼토리, 영어딕션",영어딕션,영어딕션,MUSIC_PERFORMING_ARTS,APPROVED,2026-10-06,원문 전문용어와 철자 확인; 근거 없는 오타 교정 없이 보존
예체능대학,음악과,김나영,naykim@sejong.ac.kr,https://dept.sejong.ac.kr/musicdpt/intro/professor.do,"피아노 전공실기, 피아노 문헌, 피아노 교수법, 실내악",피아노 전공실기,피아노 전공실기,MUSIC_PERFORMING_ARTS,APPROVED,2026-10-06,원문 전문용어와 철자 확인; 근거 없는 오타 교정 없이 보존
예체능대학,음악과,김나영,naykim@sejong.ac.kr,https://dept.sejong.ac.kr/musicdpt/intro/professor.do,"피아노 전공실기, 피아노 문헌, 피아노 교수법, 실내악",피아노 문헌,피아노 문헌,MUSIC_PERFORMING_ARTS,APPROVED,2026-10-06,원문 전문용어와 철자 확인; 근거 없는 오타 교정 없이 보존
예체능대학,음악과,김나영,naykim@sejong.ac.kr,https://dept.sejong.ac.kr/musicdpt/intro/professor.do,"피아노 전공실기, 피아노 문헌, 피아노 교수법, 실내악",피아노 교수법,피아노 교수법,MUSIC_PERFORMING_ARTS|POLICY_MANAGEMENT,APPROVED,2026-10-06,원문 전문용어와 철자 확인; 근거 없는 오타 교정 없이 보존
예체능대학,음악과,김나영,naykim@sejong.ac.kr,https://dept.sejong.ac.kr/musicdpt/intro/professor.do,"피아노 전공실기, 피아노 문헌, 피아노 교수법, 실내악",실내악,실내악,MUSIC_PERFORMING_ARTS,APPROVED,2026-10-06,원문 전문용어와 철자 확인; 근거 없는 오타 교정 없이 보존
예체능대학,음악과,위정민,weejeongmin@sejong.ac.kr,https://dept.sejong.ac.kr/musicdpt/intro/professor.do,오페라 성악문헌 영미 가곡 성악 페다고지 영어딕션 오페라 연기,오페라 성악문헌 영미 가곡 성악 페다고지 영어딕션 오페라 연기,오페라,MUSIC_PERFORMING_ARTS,APPROVED,2026-10-06,공백 나열을 여섯 의미단위로 수동 분리; 오페라 연기는 결합 의미 유지
예체능대학,음악과,위정민,weejeongmin@sejong.ac.kr,https://dept.sejong.ac.kr/musicdpt/intro/professor.do,오페라 성악문헌 영미 가곡 성악 페다고지 영어딕션 오페라 연기,오페라 성악문헌 영미 가곡 성악 페다고지 영어딕션 오페라 연기,성악문헌,MUSIC_PERFORMING_ARTS,APPROVED,2026-10-06,공백 나열을 여섯 의미단위로 수동 분리; 오페라 연기는 결합 의미 유지
예체능대학,음악과,위정민,weejeongmin@sejong.ac.kr,https://dept.sejong.ac.kr/musicdpt/intro/professor.do,오페라 성악문헌 영미 가곡 성악 페다고지 영어딕션 오페라 연기,오페라 성악문헌 영미 가곡 성악 페다고지 영어딕션 오페라 연기,영미 가곡,MUSIC_PERFORMING_ARTS,APPROVED,2026-10-06,공백 나열을 여섯 의미단위로 수동 분리; 오페라 연기는 결합 의미 유지
예체능대학,음악과,위정민,weejeongmin@sejong.ac.kr,https://dept.sejong.ac.kr/musicdpt/intro/professor.do,오페라 성악문헌 영미 가곡 성악 페다고지 영어딕션 오페라 연기,오페라 성악문헌 영미 가곡 성악 페다고지 영어딕션 오페라 연기,성악 페다고지,MUSIC_PERFORMING_ARTS|POLICY_MANAGEMENT,APPROVED,2026-10-06,공백 나열을 여섯 의미단위로 수동 분리; 오페라 연기는 결합 의미 유지
예체능대학,음악과,위정민,weejeongmin@sejong.ac.kr,https://dept.sejong.ac.kr/musicdpt/intro/professor.do,오페라 성악문헌 영미 가곡 성악 페다고지 영어딕션 오페라 연기,오페라 성악문헌 영미 가곡 성악 페다고지 영어딕션 오페라 연기,영어딕션,MUSIC_PERFORMING_ARTS,APPROVED,2026-10-06,공백 나열을 여섯 의미단위로 수동 분리; 오페라 연기는 결합 의미 유지
예체능대학,음악과,위정민,weejeongmin@sejong.ac.kr,https://dept.sejong.ac.kr/musicdpt/intro/professor.do,오페라 성악문헌 영미 가곡 성악 페다고지 영어딕션 오페라 연기,오페라 성악문헌 영미 가곡 성악 페다고지 영어딕션 오페라 연기,오페라 연기,MUSIC_PERFORMING_ARTS,APPROVED,2026-10-06,공백 나열을 여섯 의미단위로 수동 분리; 오페라 연기는 결합 의미 유지
예체능대학,체육학과,김병민,kimbm@sejong.ac.kr,https://www.sejong.ac.kr/kor/college/physical-education.do,체육학,체육학,체육학,SPORTS_PHYSICAL_EDUCATION,APPROVED,2026-10-06,원문 전문용어와 철자 확인; 근거 없는 오타 교정 없이 보존
예체능대학,체육학과,강유원,ywkang@sejong.ac.kr,https://www.sejong.ac.kr/kor/college/physical-education.do,"체육철학, 스포츠철학, 체육원리 현상학, 신체문화, 미학, 가치론, 질적연구",체육철학,체육철학,SPORTS_PHYSICAL_EDUCATION|HISTORY_CULTURE,APPROVED,2026-10-06,원문 전문용어와 철자 확인; 근거 없는 오타 교정 없이 보존
예체능대학,체육학과,강유원,ywkang@sejong.ac.kr,https://www.sejong.ac.kr/kor/college/physical-education.do,"체육철학, 스포츠철학, 체육원리 현상학, 신체문화, 미학, 가치론, 질적연구",스포츠철학,스포츠철학,SPORTS_PHYSICAL_EDUCATION|HISTORY_CULTURE,APPROVED,2026-10-06,원문 전문용어와 철자 확인; 근거 없는 오타 교정 없이 보존
예체능대학,체육학과,강유원,ywkang@sejong.ac.kr,https://www.sejong.ac.kr/kor/college/physical-education.do,"체육철학, 스포츠철학, 체육원리 현상학, 신체문화, 미학, 가치론, 질적연구",체육원리 현상학,체육원리,SPORTS_PHYSICAL_EDUCATION,APPROVED,2026-10-06,접한 독립 연구 항목 체육원리와 현상학을 수동 분리
예체능대학,체육학과,강유원,ywkang@sejong.ac.kr,https://www.sejong.ac.kr/kor/college/physical-education.do,"체육철학, 스포츠철학, 체육원리 현상학, 신체문화, 미학, 가치론, 질적연구",체육원리 현상학,현상학,HISTORY_CULTURE,APPROVED,2026-10-06,접한 독립 연구 항목 체육원리와 현상학을 수동 분리
예체능대학,체육학과,강유원,ywkang@sejong.ac.kr,https://www.sejong.ac.kr/kor/college/physical-education.do,"체육철학, 스포츠철학, 체육원리 현상학, 신체문화, 미학, 가치론, 질적연구",신체문화,신체문화,SPORTS_PHYSICAL_EDUCATION|HISTORY_CULTURE,APPROVED,2026-10-06,원문 전문용어와 철자 확인; 근거 없는 오타 교정 없이 보존
예체능대학,체육학과,강유원,ywkang@sejong.ac.kr,https://www.sejong.ac.kr/kor/college/physical-education.do,"체육철학, 스포츠철학, 체육원리 현상학, 신체문화, 미학, 가치론, 질적연구",미학,미학,HISTORY_CULTURE,APPROVED,2026-10-06,원문 전문용어와 철자 확인; 근거 없는 오타 교정 없이 보존
예체능대학,체육학과,강유원,ywkang@sejong.ac.kr,https://www.sejong.ac.kr/kor/college/physical-education.do,"체육철학, 스포츠철학, 체육원리 현상학, 신체문화, 미학, 가치론, 질적연구",가치론,가치론,HISTORY_CULTURE,APPROVED,2026-10-06,원문 전문용어와 철자 확인; 근거 없는 오타 교정 없이 보존
예체능대학,체육학과,강유원,ywkang@sejong.ac.kr,https://www.sejong.ac.kr/kor/college/physical-education.do,"체육철학, 스포츠철학, 체육원리 현상학, 신체문화, 미학, 가치론, 질적연구",질적연구,질적연구,HISTORY_CULTURE,APPROVED,2026-10-06,원문 전문용어와 철자 확인; 근거 없는 오타 교정 없이 보존
예체능대학,무용과,김형남,hyoungnam@sejong.ac.kr,https://www.sejong.ac.kr/kor/college/dance.do,무용교육 예술교육 융합예술콘텐츠,무용교육 예술교육 융합예술콘텐츠,무용교육,MUSIC_PERFORMING_ARTS|POLICY_MANAGEMENT,APPROVED,2026-10-06,공백 나열을 세 개 의미단위로 수동 분리
예체능대학,무용과,김형남,hyoungnam@sejong.ac.kr,https://www.sejong.ac.kr/kor/college/dance.do,무용교육 예술교육 융합예술콘텐츠,무용교육 예술교육 융합예술콘텐츠,예술교육,DESIGN_ARTS|POLICY_MANAGEMENT,APPROVED,2026-10-06,공백 나열을 세 개 의미단위로 수동 분리
예체능대학,무용과,김형남,hyoungnam@sejong.ac.kr,https://www.sejong.ac.kr/kor/college/dance.do,무용교육 예술교육 융합예술콘텐츠,무용교육 예술교육 융합예술콘텐츠,융합예술콘텐츠,DESIGN_ARTS,APPROVED,2026-10-06,공백 나열을 세 개 의미단위로 수동 분리
예체능대학,영화예술학과,라경민,actingart@sejong.ac.kr,https://www.sejong.ac.kr/kor/college/film-art.do,"연기예술, 연기교육, 배우훈련, 뉴미디어 공연/영상콘텐츠",연기예술,연기예술,MUSIC_PERFORMING_ARTS,APPROVED,2026-10-06,원문 전문용어와 철자 확인; 근거 없는 오타 교정 없이 보존
예체능대학,영화예술학과,라경민,actingart@sejong.ac.kr,https://www.sejong.ac.kr/kor/college/film-art.do,"연기예술, 연기교육, 배우훈련, 뉴미디어 공연/영상콘텐츠",연기교육,연기교육,MUSIC_PERFORMING_ARTS|POLICY_MANAGEMENT,APPROVED,2026-10-06,원문 전문용어와 철자 확인; 근거 없는 오타 교정 없이 보존
예체능대학,영화예술학과,라경민,actingart@sejong.ac.kr,https://www.sejong.ac.kr/kor/college/film-art.do,"연기예술, 연기교육, 배우훈련, 뉴미디어 공연/영상콘텐츠",배우훈련,배우훈련,MUSIC_PERFORMING_ARTS,APPROVED,2026-10-06,원문 전문용어와 철자 확인; 근거 없는 오타 교정 없이 보존
예체능대학,영화예술학과,라경민,actingart@sejong.ac.kr,https://www.sejong.ac.kr/kor/college/film-art.do,"연기예술, 연기교육, 배우훈련, 뉴미디어 공연/영상콘텐츠",뉴미디어 공연/영상콘텐츠,뉴미디어 공연/영상콘텐츠,DESIGN_ARTS|MUSIC_PERFORMING_ARTS,APPROVED,2026-10-06,원문 전문용어와 철자 확인; 근거 없는 오타 교정 없이 보존
예체능대학,영화예술학과,박철,cpyun@sejong.ac.kr,https://www.sejong.ac.kr/kor/college/film-art.do,"영화연출, 제작, 시나리오",영화연출,영화연출,DESIGN_ARTS,APPROVED,2026-10-06,원문 전문용어와 철자 확인; 근거 없는 오타 교정 없이 보존
예체능대학,영화예술학과,박철,cpyun@sejong.ac.kr,https://www.sejong.ac.kr/kor/college/film-art.do,"영화연출, 제작, 시나리오",제작,제작,DESIGN_ARTS,APPROVED,2026-10-06,원문 전문용어와 철자 확인; 근거 없는 오타 교정 없이 보존
예체능대학,영화예술학과,박철,cpyun@sejong.ac.kr,https://www.sejong.ac.kr/kor/college/film-art.do,"영화연출, 제작, 시나리오",시나리오,시나리오,DESIGN_ARTS,APPROVED,2026-10-06,원문 전문용어와 철자 확인; 근거 없는 오타 교정 없이 보존
예체능대학,영화예술학과,최두영,filmdoo@sejong.ac.kr,https://www.sejong.ac.kr/kor/college/film-art.do,"1). 영화, 드라마 기획, 시나리오, 제작 2). 영화 미학 연구",영화,영화,DESIGN_ARTS,APPROVED,2026-10-06,원문 전문용어와 철자 확인; 근거 없는 오타 교정 없이 보존
예체능대학,영화예술학과,최두영,filmdoo@sejong.ac.kr,https://www.sejong.ac.kr/kor/college/film-art.do,"1). 영화, 드라마 기획, 시나리오, 제작 2). 영화 미학 연구",드라마 기획,드라마 기획,DESIGN_ARTS,APPROVED,2026-10-06,원문 전문용어와 철자 확인; 근거 없는 오타 교정 없이 보존
예체능대학,영화예술학과,최두영,filmdoo@sejong.ac.kr,https://www.sejong.ac.kr/kor/college/film-art.do,"1). 영화, 드라마 기획, 시나리오, 제작 2). 영화 미학 연구",시나리오,시나리오,DESIGN_ARTS,APPROVED,2026-10-06,원문 전문용어와 철자 확인; 근거 없는 오타 교정 없이 보존
예체능대학,영화예술학과,최두영,filmdoo@sejong.ac.kr,https://www.sejong.ac.kr/kor/college/film-art.do,"1). 영화, 드라마 기획, 시나리오, 제작 2). 영화 미학 연구",제작 2),제작,DESIGN_ARTS,APPROVED,2026-10-06,후행 2)는 다음 항목의 목록 번호이므로 분야명에서 제거
예체능대학,영화예술학과,최두영,filmdoo@sejong.ac.kr,https://www.sejong.ac.kr/kor/college/film-art.do,"1). 영화, 드라마 기획, 시나리오, 제작 2). 영화 미학 연구",영화 미학 연구,영화 미학 연구,DESIGN_ARTS|HISTORY_CULTURE,APPROVED,2026-10-06,원문 전문용어와 철자 확인; 근거 없는 오타 교정 없이 보존
