department_name,professor_name,email,source_url,checked_fields,original_email,reviewed_email,original_homepage_url,reviewed_homepage_url,source_research_introduction,reviewed_research_field_names,review_status,reviewed_at,review_note
회화과,정재호,runner23@sejong.ac.kr,https://dept.sejong.ac.kr/picdpt/intro/professor.do,이름|학과|직위|이메일|URL|연구소개|검색용 분야명,runner23@sejong.ac.kr,runner23@sejong.ac.kr,,,한국화,한국화,APPROVED,2026-10-06,공식 원문의 이름·학과·직위·전문용어·철자 대조; 근거가 확인된 어휘 오타 없음; 연구소개 원문 보존
패션디자인학과,정재윤,jychung@sejong.ac.kr,https://www.sejong.ac.kr/kor/college/fashion-design.do,이름|학과|직위|이메일|URL|연구소개|검색용 분야명,jychung@sejong.ac.kr,jychung@sejong.ac.kr,,,"퓨처텍스타일디자인, 소재정보디자인, 예술/디자인사",퓨처텍스타일디자인|소재정보디자인|예술/디자인사,APPROVED,2026-10-06,공식 원문의 이름·학과·직위·전문용어·철자 대조; 근거가 확인된 어휘 오타 없음; 연구소개 원문 보존
패션디자인학과,김숙진,ksjina@sejong.ac.kr,https://www.sejong.ac.kr/kor/college/fashion-design.do,이름|학과|직위|이메일|URL|연구소개|검색용 분야명,ksjina@sejong.ac.kr,ksjina@sejong.ac.kr,https://prof.sejong.ac.kr/ksjina/,https://prof.sejong.ac.kr/ksjina/,"패션디자인, 입체재단, 디지털 패션, 메타버스 디자인, 인공지능과 패션 디자인, 조형예술학",패션디자인|입체재단|디지털 패션|메타버스 디자인|인공지능과 패션 디자인|조형예술학,APPROVED,2026-10-06,공식 원문의 이름·학과·직위·전문용어·철자 대조; 근거가 확인된 어휘 오타 없음; 연구소개 원문 보존
패션디자인학과,한혜리,hrhan@sejong.ac.kr,https://www.sejong.ac.kr/kor/college/fashion-design.do,이름|학과|직위|이메일|URL|연구소개|검색용 분야명,hrhan@sejong.ac.kr,hrhan@sejong.ac.kr,https://prof.sejong.ac.kr/hrhan/index.do,https://prof.sejong.ac.kr/hrhan/index.do,"의류학, 인공지능 패션 디자인, 첨단 패션 등",의류학|인공지능 패션 디자인|첨단 패션,APPROVED,2026-10-06,공식 원문의 이름·학과·직위·전문용어·철자 대조; 근거가 확인된 어휘 오타 없음; 연구소개 원문 보존; 연구분야명이 아닌 열거 종결어 등 제거; 소개 원문 유지
음악과,이기정,kclee@sejong.ac.kr,https://dept.sejong.ac.kr/musicdpt/intro/professor.do,이름|학과|직위|이메일|URL|연구소개|검색용 분야명,kclee@sejong.ac.kr,kclee@sejong.ac.kr,,,piano performance piano literature collaborative piano,piano performance|piano literature|collaborative piano,APPROVED,2026-10-06,공식 원문의 이름·학과·직위·전문용어·철자 대조; 근거가 확인된 어휘 오타 없음; 연구소개 원문 보존; 공백 나열을 세 개 영어 전문 분야로 수동 분리; 임의 번역 없음
음악과,윤경희,yoonkh@sejong.ac.kr,https://dept.sejong.ac.kr/musicdpt/intro/professor.do,이름|학과|직위|이메일|URL|연구소개|검색용 분야명,yoonkh@sejong.ac.kr,yoonkh@sejong.ac.kr,,,"바이올린, 실내악, 오케스트라 지휘, 합창 지휘, 관현악 문헌,",바이올린|실내악|오케스트라 지휘|합창 지휘|관현악 문헌,APPROVED,2026-10-06,공식 원문의 이름·학과·직위·전문용어·철자 대조; 근거가 확인된 어휘 오타 없음; 연구소개 원문 보존; 소개 후행 쉼표는 보존; 검색용 분야에는 빈 항목 생성하지 않음
음악과,오은경,ekoh@sejong.ac.kr,https://dept.sejong.ac.kr/musicdpt/intro/professor.do,이름|학과|직위|이메일|URL|연구소개|검색용 분야명,ekoh@sejong.ac.kr,ekoh@sejong.ac.kr,,,"오페라, 오라토리오, 예술가곡, 성악문헌, 성악 레퍼토리, 영어딕션",오페라|오라토리오|예술가곡|성악문헌|성악 레퍼토리|영어딕션,APPROVED,2026-10-06,공식 원문의 이름·학과·직위·전문용어·철자 대조; 근거가 확인된 어휘 오타 없음; 연구소개 원문 보존
음악과,김나영,naykim@sejong.ac.kr,https://dept.sejong.ac.kr/musicdpt/intro/professor.do,이름|학과|직위|이메일|URL|연구소개|검색용 분야명,naykim@sejong.ac.kr,naykim@sejong.ac.kr,https://home.sejong.ac.kr/~naykim/1.html,https://home.sejong.ac.kr/~naykim/1.html,"피아노 전공실기, 피아노 문헌, 피아노 교수법, 실내악",피아노 전공실기|피아노 문헌|피아노 교수법|실내악,APPROVED,2026-10-06,공식 원문의 이름·학과·직위·전문용어·철자 대조; 근거가 확인된 어휘 오타 없음; 연구소개 원문 보존
음악과,위정민,weejeongmin@sejong.ac.kr,https://dept.sejong.ac.kr/musicdpt/intro/professor.do,이름|학과|직위|이메일|URL|연구소개|검색용 분야명,weejeongmin@sejong.ac.kr,weejeongmin@sejong.ac.kr,,,오페라 성악문헌 영미 가곡 성악 페다고지 영어딕션 오페라 연기,오페라|성악문헌|영미 가곡|성악 페다고지|영어딕션|오페라 연기,APPROVED,2026-10-06,공식 원문의 이름·학과·직위·전문용어·철자 대조; 근거가 확인된 어휘 오타 없음; 연구소개 원문 보존; 공백 나열을 여섯 의미단위로 수동 분리; 오페라 연기는 결합 의미 유지
체육학과,김병민,kimbm@sejong.ac.kr,https://www.sejong.ac.kr/kor/college/physical-education.do,이름|학과|직위|이메일|URL|연구소개|검색용 분야명,kimbm@sejong.ac.kr,kimbm@sejong.ac.kr,,,체육학,체육학,APPROVED,2026-10-06,공식 원문의 이름·학과·직위·전문용어·철자 대조; 근거가 확인된 어휘 오타 없음; 연구소개 원문 보존
체육학과,강유원,ywkang@sejong.ac.kr,https://www.sejong.ac.kr/kor/college/physical-education.do,이름|학과|직위|이메일|URL|연구소개|검색용 분야명,ywkang@sejong.ac.kr,ywkang@sejong.ac.kr,https://prof.sejong.ac.kr/ywkang/index.do,https://prof.sejong.ac.kr/ywkang/index.do,"체육철학, 스포츠철학, 체육원리 현상학, 신체문화, 미학, 가치론, 질적연구",체육철학|스포츠철학|체육원리|현상학|신체문화|미학|가치론|질적연구,APPROVED,2026-10-06,공식 원문의 이름·학과·직위·전문용어·철자 대조; 근거가 확인된 어휘 오타 없음; 연구소개 원문 보존; 접한 독립 연구 항목 체육원리와 현상학을 수동 분리
무용과,김형남,hyoungnam@sejong.ac.kr,https://www.sejong.ac.kr/kor/college/dance.do,이름|학과|직위|이메일|URL|연구소개|검색용 분야명,hyoungnam@sejong.ac.kr,hyoungnam@sejong.ac.kr,https://www.sejong.ac.kr/kor/college/dance.do#none,,무용교육 예술교육 융합예술콘텐츠,무용교육|예술교육|융합예술콘텐츠,APPROVED,2026-10-06,공식 원문의 이름·학과·직위·전문용어·철자 대조; 근거가 확인된 어휘 오타 없음; 연구소개 원문 보존; 현재 학과 페이지의 #none 임시 홈페이지 제거; 공백 나열을 세 개 의미단위로 수동 분리
영화예술학과,라경민,actingart@sejong.ac.kr,https://www.sejong.ac.kr/kor/college/film-art.do,이름|학과|직위|이메일|URL|연구소개|검색용 분야명,actingart@sejong.ac.kr,actingart@sejong.ac.kr,https://prof.sejong.ac.kr/actingart/index.do,https://prof.sejong.ac.kr/actingart/index.do,"연기예술, 연기교육, 배우훈련, 뉴미디어 공연/영상콘텐츠",연기예술|연기교육|배우훈련|뉴미디어 공연/영상콘텐츠,APPROVED,2026-10-06,공식 원문의 이름·학과·직위·전문용어·철자 대조; 근거가 확인된 어휘 오타 없음; 연구소개 원문 보존
영화예술학과,박철,cpyun@sejong.ac.kr,https://www.sejong.ac.kr/kor/college/film-art.do,이름|학과|직위|이메일|URL|연구소개|검색용 분야명,cpyun@sejong.ac.kr,cpyun@sejong.ac.kr,,,"영화연출, 제작, 시나리오",영화연출|제작|시나리오,APPROVED,2026-10-06,공식 원문의 이름·학과·직위·전문용어·철자 대조; 근거가 확인된 어휘 오타 없음; 연구소개 원문 보존
영화예술학과,최두영,filmdoo@sejong.ac.kr,https://www.sejong.ac.kr/kor/college/film-art.do,이름|학과|직위|이메일|URL|연구소개|검색용 분야명,"filmdoo@sejong.ac.kr ,",filmdoo@sejong.ac.kr,,,"1). 영화, 드라마 기획, 시나리오, 제작 2). 영화 미학 연구",영화|드라마 기획|시나리오|제작|영화 미학 연구,APPROVED,2026-10-06,공식 원문의 이름·학과·직위·전문용어·철자 대조; 근거가 확인된 어휘 오타 없음; 연구소개 원문 보존; 이메일 후행 공백·쉼표 제거; 1)는 연구분야가 아닌 목록 번호이므로 제외; 후행 2)는 다음 항목의 목록 번호이므로 분야명에서 제거
영화예술학과,김기훈,actscene@naver.com,https://www.sejong.ac.kr/kor/college/film-art.do,이름|학과|직위|이메일|URL|연구소개|검색용 분야명,actscene@naver.com,actscene@naver.com,,,,,APPROVED,2026-10-06,공개된 이름·학과·직위·이메일·URL 대조; 근거가 확인된 어휘 오타 없음; 연구소개 미공개 및 분야 미생성 확인; 연구소개 미공개: 분야 추정 없음
영화예술학과,이은경,zungbu@daum.net,https://www.sejong.ac.kr/kor/college/film-art.do,이름|학과|직위|이메일|URL|연구소개|검색용 분야명,zungbu@daum.net,zungbu@daum.net,,,,,APPROVED,2026-10-06,공개된 이름·학과·직위·이메일·URL 대조; 근거가 확인된 어휘 오타 없음; 연구소개 미공개 및 분야 미생성 확인; 연구소개 미공개: 분야 추정 없음
영화예술학과,안연석,ysahn@sejong.ac.kr,https://www.sejong.ac.kr/kor/college/film-art.do,이름|학과|직위|이메일|URL|연구소개|검색용 분야명,ysahn@sejong.ac.kr,ysahn@sejong.ac.kr,,,,,APPROVED,2026-10-06,공개된 이름·학과·직위·이메일·URL 대조; 근거가 확인된 어휘 오타 없음; 연구소개 미공개 및 분야 미생성 확인; 연구소개 미공개: 분야 추정 없음
