research_field_name,category_code,category_name,category_is_new,parent_category_code,classification_basis,review_status,reviewed_at
한국화,DESIGN_ARTS,디자인·예술,false,,회화·패션·시각예술·영화 연구,APPROVED,2026-10-06
퓨처텍스타일디자인,DESIGN_ARTS,디자인·예술,false,,회화·패션·시각예술·영화 연구,APPROVED,2026-10-06
소재정보디자인,DESIGN_ARTS,디자인·예술,false,,회화·패션·시각예술·영화 연구,APPROVED,2026-10-06
예술/디자인사,DESIGN_ARTS,디자인·예술,false,,회화·패션·시각예술·영화 연구; 예술사·철학·미학 및 인문학적 연구 방법,APPROVED,2026-10-06
예술/디자인사,HISTORY_CULTURE,역사·철학·문화,false,,회화·패션·시각예술·영화 연구; 예술사·철학·미학 및 인문학적 연구 방법,APPROVED,2026-10-06
패션디자인,DESIGN_ARTS,디자인·예술,false,,회화·패션·시각예술·영화 연구,APPROVED,2026-10-06
입체재단,DESIGN_ARTS,디자인·예술,false,,회화·패션·시각예술·영화 연구,APPROVED,2026-10-06
디지털 패션,DESIGN_ARTS,디자인·예술,false,,회화·패션·시각예술·영화 연구,APPROVED,2026-10-06
메타버스 디자인,DESIGN_ARTS,디자인·예술,false,,회화·패션·시각예술·영화 연구; 메타버스에서의 디자인 연구,APPROVED,2026-10-06
메타버스 디자인,HCI_XR,HCI·XR·인터랙티브미디어,false,,회화·패션·시각예술·영화 연구; 메타버스에서의 디자인 연구,APPROVED,2026-10-06
인공지능과 패션 디자인,AI_ML,인공지능·기계학습,false,,분야명에 인공지능과 패션의 융합이 명시됨; 회화·패션·시각예술·영화 연구,APPROVED,2026-10-06
인공지능과 패션 디자인,DESIGN_ARTS,디자인·예술,false,,분야명에 인공지능과 패션의 융합이 명시됨; 회화·패션·시각예술·영화 연구,APPROVED,2026-10-06
조형예술학,DESIGN_ARTS,디자인·예술,false,,회화·패션·시각예술·영화 연구,APPROVED,2026-10-06
의류학,DESIGN_ARTS,디자인·예술,false,,회화·패션·시각예술·영화 연구,APPROVED,2026-10-06
인공지능 패션 디자인,AI_ML,인공지능·기계학습,false,,분야명에 인공지능과 패션의 융합이 명시됨; 회화·패션·시각예술·영화 연구,APPROVED,2026-10-06
인공지능 패션 디자인,DESIGN_ARTS,디자인·예술,false,,분야명에 인공지능과 패션의 융합이 명시됨; 회화·패션·시각예술·영화 연구,APPROVED,2026-10-06
첨단 패션,DESIGN_ARTS,디자인·예술,false,,회화·패션·시각예술·영화 연구,APPROVED,2026-10-06
piano performance,MUSIC_PERFORMING_ARTS,음악·공연예술,true,,기악·성악·무용·연기 및 공연예술 연구,APPROVED,2026-10-06
piano literature,MUSIC_PERFORMING_ARTS,음악·공연예술,true,,기악·성악·무용·연기 및 공연예술 연구,APPROVED,2026-10-06
collaborative piano,MUSIC_PERFORMING_ARTS,음악·공연예술,true,,기악·성악·무용·연기 및 공연예술 연구,APPROVED,2026-10-06
바이올린,MUSIC_PERFORMING_ARTS,음악·공연예술,true,,기악·성악·무용·연기 및 공연예술 연구,APPROVED,2026-10-06
실내악,MUSIC_PERFORMING_ARTS,음악·공연예술,true,,기악·성악·무용·연기 및 공연예술 연구,APPROVED,2026-10-06
오케스트라 지휘,MUSIC_PERFORMING_ARTS,음악·공연예술,true,,기악·성악·무용·연기 및 공연예술 연구,APPROVED,2026-10-06
합창 지휘,MUSIC_PERFORMING_ARTS,음악·공연예술,true,,기악·성악·무용·연기 및 공연예술 연구,APPROVED,2026-10-06
관현악 문헌,MUSIC_PERFORMING_ARTS,음악·공연예술,true,,기악·성악·무용·연기 및 공연예술 연구,APPROVED,2026-10-06
오페라,MUSIC_PERFORMING_ARTS,음악·공연예술,true,,기악·성악·무용·연기 및 공연예술 연구,APPROVED,2026-10-06
오라토리오,MUSIC_PERFORMING_ARTS,음악·공연예술,true,,기악·성악·무용·연기 및 공연예술 연구,APPROVED,2026-10-06
예술가곡,MUSIC_PERFORMING_ARTS,음악·공연예술,true,,기악·성악·무용·연기 및 공연예술 연구,APPROVED,2026-10-06
성악문헌,MUSIC_PERFORMING_ARTS,음악·공연예술,true,,기악·성악·무용·연기 및 공연예술 연구,APPROVED,2026-10-06
성악 레퍼토리,MUSIC_PERFORMING_ARTS,음악·공연예술,true,,기악·성악·무용·연기 및 공연예술 연구,APPROVED,2026-10-06
영어딕션,MUSIC_PERFORMING_ARTS,음악·공연예술,true,,기악·성악·무용·연기 및 공연예술 연구,APPROVED,2026-10-06
피아노 전공실기,MUSIC_PERFORMING_ARTS,음악·공연예술,true,,기악·성악·무용·연기 및 공연예술 연구,APPROVED,2026-10-06
피아노 문헌,MUSIC_PERFORMING_ARTS,음악·공연예술,true,,기악·성악·무용·연기 및 공연예술 연구,APPROVED,2026-10-06
피아노 교수법,MUSIC_PERFORMING_ARTS,음악·공연예술,true,,기악·성악·무용·연기 및 공연예술 연구; 예술 분야의 교육·교수법 연구,APPROVED,2026-10-06
피아노 교수법,POLICY_MANAGEMENT,경영·정책·법·교육,false,,기악·성악·무용·연기 및 공연예술 연구; 예술 분야의 교육·교수법 연구,APPROVED,2026-10-06
영미 가곡,MUSIC_PERFORMING_ARTS,음악·공연예술,true,,기악·성악·무용·연기 및 공연예술 연구,APPROVED,2026-10-06
성악 페다고지,MUSIC_PERFORMING_ARTS,음악·공연예술,true,,기악·성악·무용·연기 및 공연예술 연구; 예술 분야의 교육·교수법 연구,APPROVED,2026-10-06
성악 페다고지,POLICY_MANAGEMENT,경영·정책·법·교육,false,,기악·성악·무용·연기 및 공연예술 연구; 예술 분야의 교육·교수법 연구,APPROVED,2026-10-06
오페라 연기,MUSIC_PERFORMING_ARTS,음악·공연예술,true,,기악·성악·무용·연기 및 공연예술 연구,APPROVED,2026-10-06
체육학,SPORTS_PHYSICAL_EDUCATION,체육·스포츠,true,,체육학·체육원리·스포츠 및 신체문화 연구,APPROVED,2026-10-06
체육철학,SPORTS_PHYSICAL_EDUCATION,체육·스포츠,true,,체육학·체육원리·스포츠 및 신체문화 연구; 예술사·철학·미학 및 인문학적 연구 방법,APPROVED,2026-10-06
체육철학,HISTORY_CULTURE,역사·철학·문화,false,,체육학·체육원리·스포츠 및 신체문화 연구; 예술사·철학·미학 및 인문학적 연구 방법,APPROVED,2026-10-06
스포츠철학,SPORTS_PHYSICAL_EDUCATION,체육·스포츠,true,,체육학·체육원리·스포츠 및 신체문화 연구; 예술사·철학·미학 및 인문학적 연구 방법,APPROVED,2026-10-06
스포츠철학,HISTORY_CULTURE,역사·철학·문화,false,,체육학·체육원리·스포츠 및 신체문화 연구; 예술사·철학·미학 및 인문학적 연구 방법,APPROVED,2026-10-06
체육원리,SPORTS_PHYSICAL_EDUCATION,체육·스포츠,true,,체육학·체육원리·스포츠 및 신체문화 연구,APPROVED,2026-10-06
현상학,HISTORY_CULTURE,역사·철학·문화,false,,예술사·철학·미학 및 인문학적 연구 방법,APPROVED,2026-10-06
신체문화,SPORTS_PHYSICAL_EDUCATION,체육·스포츠,true,,체육학·체육원리·스포츠 및 신체문화 연구; 예술사·철학·미학 및 인문학적 연구 방법,APPROVED,2026-10-06
신체문화,HISTORY_CULTURE,역사·철학·문화,false,,체육학·체육원리·스포츠 및 신체문화 연구; 예술사·철학·미학 및 인문학적 연구 방법,APPROVED,2026-10-06
미학,HISTORY_CULTURE,역사·철학·문화,false,,예술사·철학·미학 및 인문학적 연구 방법,APPROVED,2026-10-06
가치론,HISTORY_CULTURE,역사·철학·문화,false,,예술사·철학·미학 및 인문학적 연구 방법,APPROVED,2026-10-06
질적연구,HISTORY_CULTURE,역사·철학·문화,false,,예술사·철학·미학 및 인문학적 연구 방법,APPROVED,2026-10-06
무용교육,MUSIC_PERFORMING_ARTS,음악·공연예술,true,,기악·성악·무용·연기 및 공연예술 연구; 예술 분야의 교육·교수법 연구,APPROVED,2026-10-06
무용교육,POLICY_MANAGEMENT,경영·정책·법·교육,false,,기악·성악·무용·연기 및 공연예술 연구; 예술 분야의 교육·교수법 연구,APPROVED,2026-10-06
예술교육,DESIGN_ARTS,디자인·예술,false,,회화·패션·시각예술·영화 연구; 예술 분야의 교육·교수법 연구,APPROVED,2026-10-06
예술교육,POLICY_MANAGEMENT,경영·정책·법·교육,false,,회화·패션·시각예술·영화 연구; 예술 분야의 교육·교수법 연구,APPROVED,2026-10-06
융합예술콘텐츠,DESIGN_ARTS,디자인·예술,false,,회화·패션·시각예술·영화 연구,APPROVED,2026-10-06
연기예술,MUSIC_PERFORMING_ARTS,음악·공연예술,true,,기악·성악·무용·연기 및 공연예술 연구,APPROVED,2026-10-06
연기교육,MUSIC_PERFORMING_ARTS,음악·공연예술,true,,기악·성악·무용·연기 및 공연예술 연구; 예술 분야의 교육·교수법 연구,APPROVED,2026-10-06
연기교육,POLICY_MANAGEMENT,경영·정책·법·교육,false,,기악·성악·무용·연기 및 공연예술 연구; 예술 분야의 교육·교수법 연구,APPROVED,2026-10-06
배우훈련,MUSIC_PERFORMING_ARTS,음악·공연예술,true,,기악·성악·무용·연기 및 공연예술 연구,APPROVED,2026-10-06
뉴미디어 공연/영상콘텐츠,DESIGN_ARTS,디자인·예술,false,,회화·패션·시각예술·영화 연구; 기악·성악·무용·연기 및 공연예술 연구,APPROVED,2026-10-06
뉴미디어 공연/영상콘텐츠,MUSIC_PERFORMING_ARTS,음악·공연예술,true,,회화·패션·시각예술·영화 연구; 기악·성악·무용·연기 및 공연예술 연구,APPROVED,2026-10-06
영화연출,DESIGN_ARTS,디자인·예술,false,,회화·패션·시각예술·영화 연구,APPROVED,2026-10-06
제작,DESIGN_ARTS,디자인·예술,false,,회화·패션·시각예술·영화 연구,APPROVED,2026-10-06
시나리오,DESIGN_ARTS,디자인·예술,false,,회화·패션·시각예술·영화 연구,APPROVED,2026-10-06
영화,DESIGN_ARTS,디자인·예술,false,,회화·패션·시각예술·영화 연구,APPROVED,2026-10-06
드라마 기획,DESIGN_ARTS,디자인·예술,false,,회화·패션·시각예술·영화 연구,APPROVED,2026-10-06
영화 미학 연구,DESIGN_ARTS,디자인·예술,false,,회화·패션·시각예술·영화 연구; 예술사·철학·미학 및 인문학적 연구 방법,APPROVED,2026-10-06
영화 미학 연구,HISTORY_CULTURE,역사·철학·문화,false,,회화·패션·시각예술·영화 연구; 예술사·철학·미학 및 인문학적 연구 방법,APPROVED,2026-10-06
